strategy_name,symbol,option_type,strike,direction,entry_time,exit_time,entry_price,exit_price,quantity,pnl,exit_reason
FixedRR_1to3,NFO:BANKNIFTY25JUN2556700CE,CE,56700.0,BUY,2026-06-20T14:40:55.492291,2026-06-20T14:40:56.223024,168.16,170.48,15,34.7999999999999,EOD_SQUAREOFF
FixedRR_1to3,NFO:BANKNIFTY02JUL2556800CE,CE,56800.0,BUY,2026-06-20T14:40:56.478556,2026-06-20T14:40:57.433714,440.6,674.34,15,3506.1000000000004,EOD_SQUAREOFF
FixedRR_1to3,NFO:BANKNIFTY02JUL2557300CE,CE,57300.0,BUY,2026-06-20T14:40:57.688469,2026-06-20T14:40:58.650828,379.66,457.46,15,1166.9999999999993,EOD_SQUAREOFF
FixedRR_1to3,NFO:BANKNIFTY02JUL2557600CE,CE,57600.0,BUY,2026-06-20T14:40:58.918410,2026-06-20T14:40:59.617360,302.46,210.27,15,-1382.8499999999995,STOP_LOSS_HIT
FixedRR_1to3,NFO:BANKNIFTY02JUL2557300CE,CE,57300.0,BUY,2026-06-20T14:41:00.182476,2026-06-20T14:41:01.098857,259.89,298.49,15,579.0000000000003,EOD_SQUAREOFF
FixedRR_1to3,NFO:BANKNIFTY02JUL2557300CE,CE,57300.0,BUY,2026-06-20T14:41:01.486091,2026-06-20T14:41:01.848045,191.01,132.23,15,-881.7,STOP_LOSS_HIT
FixedRR_1to3,NFO:BANKNIFTY02JUL2557000CE,CE,57000.0,BUY,2026-06-20T14:41:02.111006,2026-06-20T14:41:02.312323,174.71,216.8,15,631.35,EOD_SQUAREOFF
FixedRR_1to3,NFO:BANKNIFTY09JUL2557200CE,CE,57200.0,BUY,2026-06-20T14:41:02.567914,2026-06-20T14:41:03.395455,457.77,318.3,15,-2092.0499999999997,STOP_LOSS_HIT
FixedRR_1to3,NFO:BANKNIFTY09JUL2556900CE,CE,56900.0,BUY,2026-06-20T14:41:03.841112,2026-06-20T14:41:04.754793,393.27,443.49,15,753.3000000000004,EOD_SQUAREOFF
FixedRR_1to3,NFO:BANKNIFTY09JUL2557100CE,CE,57100.0,BUY,2026-06-20T14:41:05.010283,2026-06-20T14:41:05.987390,299.38,241.71,15,-865.0499999999998,EOD_SQUAREOFF
FixedRR_1to3,NFO:BANKNIFTY09JUL2557200CE,CE,57200.0,BUY,2026-06-20T14:41:06.242337,2026-06-20T14:41:07.008999,268.29,185.72,15,-1238.5500000000004,STOP_LOSS_HIT
FixedRR_1to3,NFO:BANKNIFTY09JUL2557300CE,CE,57300.0,BUY,2026-06-20T14:41:07.462621,2026-06-20T14:41:08.422825,173.67,178.56,15,73.35000000000022,EOD_SQUAREOFF
FixedRR_1to3,NFO:BANKNIFTY16JUL2557300CE,CE,57300.0,BUY,2026-06-20T14:41:08.704605,2026-06-20T14:41:09.638421,460.06,340.05,15,-1800.1499999999999,EOD_SQUAREOFF
FixedRR_1to3,NFO:BANKNIFTY16JUL2556900CE,CE,56900.0,BUY,2026-06-20T14:41:10.080192,2026-06-20T14:41:10.861592,355.86,310.66,15,-677.9999999999998,EOD_SQUAREOFF
FixedRR_1to3,NFO:BANKNIFTY16JUL2557000CE,CE,57000.0,BUY,2026-06-20T14:41:11.116128,2026-06-20T14:41:11.678728,299.43,208.22,15,-1368.15,STOP_LOSS_HIT
FixedRR_1to3,NFO:BANKNIFTY16JUL2556800CE,CE,56800.0,BUY,2026-06-20T14:41:11.728054,2026-06-20T14:41:12.090499,286.82,283.36,15,-51.89999999999969,EOD_SQUAREOFF
FixedRR_1to3,NFO:BANKNIFTY16JUL2557100CE,CE,57100.0,BUY,2026-06-20T14:41:12.345364,2026-06-20T14:41:12.999801,266.64,181.18,15,-1281.8999999999996,STOP_LOSS_HIT
FixedRR_1to3,NFO:BANKNIFTY16JUL2557100CE,CE,57100.0,BUY,2026-06-20T14:41:13.048553,2026-06-20T14:41:13.310226,192.31,189.39,15,-43.80000000000024,EOD_SQUAREOFF
FixedRR_1to3,NFO:BANKNIFTY16JUL2557100CE,CE,57100.0,BUY,2026-06-20T14:41:13.564724,2026-06-20T14:41:14.520351,179.96,254.47,15,1117.6499999999999,EOD_SQUAREOFF
FixedRR_1to3,NFO:BANKNIFTY23JUL2557100CE,CE,57100.0,BUY,2026-06-20T14:41:14.870642,2026-06-20T14:41:15.729653,423.86,348.51,15,-1130.2500000000005,EOD_SQUAREOFF
FixedRR_1to3,NFO:BANKNIFTY23JUL2556400CE,CE,56400.0,BUY,2026-06-20T14:41:16.159052,2026-06-20T14:41:16.946850,369.69,328.62,15,-616.05,EOD_SQUAREOFF
FixedRR_1to3,NFO:BANKNIFTY23JUL2556800CE,CE,56800.0,BUY,2026-06-20T14:41:17.200936,2026-06-20T14:41:18.171439,320.0,377.45,15,861.7499999999998,EOD_SQUAREOFF
FixedRR_1to3,NFO:BANKNIFTY23JUL2557200CE,CE,57200.0,BUY,2026-06-20T14:41:18.425978,2026-06-20T14:41:18.702239,226.51,156.35,15,-1052.3999999999999,STOP_LOSS_HIT
FixedRR_1to3,NFO:BANKNIFTY23JUL2557000CE,CE,57000.0,BUY,2026-06-20T14:41:18.776685,2026-06-20T14:41:19.220424,226.67,155.94,15,-1060.9499999999998,STOP_LOSS_HIT
FixedRR_1to3,NFO:BANKNIFTY23JUL2556900CE,CE,56900.0,BUY,2026-06-20T14:41:19.696641,2026-06-20T14:41:20.180042,166.79,322.86,15,2341.05,TARGET_HIT
FixedRR_1to3,NFO:BANKNIFTY23JUL2557200CE,CE,57200.0,BUY,2026-06-20T14:41:20.183262,2026-06-20T14:41:20.601485,156.35,211.1,15,821.25,EOD_SQUAREOFF
FixedRR_1to3,NFO:BANKNIFTY30JUL2557100CE,CE,57100.0,BUY,2026-06-20T14:41:20.905001,2026-06-20T14:41:21.813509,460.96,424.09,15,-553.0500000000001,EOD_SQUAREOFF
FixedRR_1to3,NFO:BANKNIFTY30JUL2556800CE,CE,56800.0,BUY,2026-06-20T14:41:22.307924,2026-06-20T14:41:23.040657,366.84,286.96,15,-1198.1999999999998,EOD_SQUAREOFF
FixedRR_1to3,NFO:BANKNIFTY30JUL2556700CE,CE,56700.0,BUY,2026-06-20T14:41:23.318769,2026-06-20T14:41:23.774064,304.35,212.3,15,-1380.7500000000002,STOP_LOSS_HIT
FixedRR_1to3,NFO:BANKNIFTY30JUL2556200CE,CE,56200.0,BUY,2026-06-20T14:41:23.998303,2026-06-20T14:41:24.276096,267.39,246.94,15,-306.74999999999983,EOD_SQUAREOFF
FixedRR_1to3,NFO:BANKNIFTY30JUL2556100CE,CE,56100.0,BUY,2026-06-20T14:41:24.687887,2026-06-20T14:41:25.416124,213.11,212.39,15,-10.80000000000041,STOP_LOSS_HIT
FixedRR_1to3,NFO:BANKNIFTY30JUL2556300CE,CE,56300.0,BUY,2026-06-20T14:41:25.877720,2026-06-20T14:41:26.708738,153.43,150.9,15,-37.95000000000002,EOD_SQUAREOFF
FixedRR_1to3,NFO:BANKNIFTY06AUG2555700CE,CE,55700.0,BUY,2026-06-20T14:41:27.062555,2026-06-20T14:41:27.529790,450.19,870.63,15,6306.6,TARGET_HIT
FixedRR_1to3,NFO:BANKNIFTY06AUG2556400CE,CE,56400.0,BUY,2026-06-20T14:41:27.552117,2026-06-20T14:41:27.888053,434.07,303.55,15,-1957.7999999999997,STOP_LOSS_HIT
FixedRR_1to3,NFO:BANKNIFTY06AUG2556200CE,CE,56200.0,BUY,2026-06-20T14:41:28.226867,2026-06-20T14:41:28.662501,361.96,253.03,15,-1633.9499999999996,STOP_LOSS_HIT
FixedRR_1to3,NFO:BANKNIFTY06AUG2555900CE,CE,55900.0,BUY,2026-06-20T14:41:28.704752,2026-06-20T14:41:29.142057,346.16,260.0,15,-1292.4000000000003,EOD_SQUAREOFF
FixedRR_1to3,NFO:BANKNIFTY06AUG2555700CE,CE,55700.0,BUY,2026-06-20T14:41:29.484628,2026-06-20T14:41:30.371466,317.98,265.3,15,-790.2,EOD_SQUAREOFF
FixedRR_1to3,NFO:BANKNIFTY06AUG2555500CE,CE,55500.0,BUY,2026-06-20T14:41:30.727072,2026-06-20T14:41:31.224614,253.64,176.04,15,-1164.0,STOP_LOSS_HIT
FixedRR_1to3,NFO:BANKNIFTY06AUG2555400CE,CE,55400.0,BUY,2026-06-20T14:41:31.847622,2026-06-20T14:41:32.682960,179.92,171.32,15,-128.99999999999991,STOP_LOSS_HIT
FixedRR_1to3,NFO:BANKNIFTY13AUG2555200CE,CE,55200.0,BUY,2026-06-20T14:41:33.197678,2026-06-20T14:41:34.017372,438.78,642.78,15,3060.0,EOD_SQUAREOFF
FixedRR_1to3,NFO:BANKNIFTY13AUG2555300CE,CE,55300.0,BUY,2026-06-20T14:41:34.272081,2026-06-20T14:41:35.223283,389.83,270.82,15,-1785.1499999999999,STOP_LOSS_HIT
FixedRR_1to3,NFO:BANKNIFTY13AUG2555300CE,CE,55300.0,BUY,2026-06-20T14:41:35.493987,2026-06-20T14:41:36.468080,320.62,408.72,15,1321.5000000000005,EOD_SQUAREOFF
FixedRR_1to3,NFO:BANKNIFTY13AUG2555600CE,CE,55600.0,BUY,2026-06-20T14:41:36.722918,2026-06-20T14:41:36.876146,218.65,151.13,15,-1012.8000000000002,STOP_LOSS_HIT
FixedRR_1to3,NFO:BANKNIFTY13AUG2555400CE,CE,55400.0,BUY,2026-06-20T14:41:36.928715,2026-06-20T14:41:37.390022,216.58,146.44,15,-1052.1000000000001,STOP_LOSS_HIT
FixedRR_1to3,NFO:BANKNIFTY13AUG2555300CE,CE,55300.0,BUY,2026-06-20T14:41:37.438815,2026-06-20T14:41:37.594883,188.22,129.58,15,-879.5999999999998,STOP_LOSS_HIT
FixedRR_1to3,NFO:BANKNIFTY13AUG2555200CE,CE,55200.0,BUY,2026-06-20T14:41:37.995266,2026-06-20T14:41:38.904003,178.28,198.17,15,298.3499999999998,EOD_SQUAREOFF
FixedRR_1to3,NFO:BANKNIFTY20AUG2555400CE,CE,55400.0,BUY,2026-06-20T14:41:39.158772,2026-06-20T14:41:40.119432,447.22,397.51,15,-745.6500000000005,EOD_SQUAREOFF
FixedRR_1to3,NFO:BANKNIFTY20AUG2556100CE,CE,56100.0,BUY,2026-06-20T14:41:40.374495,2026-06-20T14:41:40.759174,328.8,221.07,15,-1615.9500000000003,STOP_LOSS_HIT
FixedRR_1to3,NFO:BANKNIFTY20AUG2555800CE,CE,55800.0,BUY,2026-06-20T14:41:40.868147,2026-06-20T14:41:41.352228,306.63,272.14,15,-517.3500000000001,EOD_SQUAREOFF
FixedRR_1to3,NFO:BANKNIFTY20AUG2555800CE,CE,55800.0,BUY,2026-06-20T14:41:41.703122,2026-06-20T14:41:42.578296,238.06,237.24,15,-12.299999999999898,EOD_SQUAREOFF
FixedRR_1to3,NFO:BANKNIFTY20AUG2555800CE,CE,55800.0,BUY,2026-06-20T14:41:43.019242,2026-06-20T14:41:43.800827,153.99,157.97,15,59.69999999999985,EOD_SQUAREOFF
FixedRR_1to3,NFO:BANKNIFTY27AUG2556000CE,CE,56000.0,BUY,2026-06-20T14:41:44.057365,2026-06-20T14:41:45.028439,450.95,334.2,15,-1751.25,EOD_SQUAREOFF
FixedRR_1to3,NFO:BANKNIFTY27AUG2555400CE,CE,55400.0,BUY,2026-06-20T14:41:45.366285,2026-06-20T14:41:46.267682,360.53,273.42,15,-1306.6499999999994,EOD_SQUAREOFF
FixedRR_1to3,NFO:BANKNIFTY27AUG2555200CE,CE,55200.0,BUY,2026-06-20T14:41:46.656022,2026-06-20T14:41:47.514433,320.25,266.06,15,-812.8499999999999,EOD_SQUAREOFF
FixedRR_1to3,NFO:BANKNIFTY27AUG2554700CE,CE,54700.0,BUY,2026-06-20T14:41:47.917387,2026-06-20T14:41:48.553059,223.87,140.8,15,-1246.05,STOP_LOSS_HIT
FixedRR_1to3,NFO:BANKNIFTY03SEP2554200CE,CE,54200.0,BUY,2026-06-20T14:41:49.059598,2026-06-20T14:41:49.890356,436.24,298.65,15,-2063.8500000000004,STOP_LOSS_HIT
FixedRR_1to3,NFO:BANKNIFTY03SEP2554100CE,CE,54100.0,BUY,2026-06-20T14:41:50.293120,2026-06-20T14:41:50.966378,384.04,263.18,15,-1812.9,STOP_LOSS_HIT
FixedRR_1to3,NFO:BANKNIFTY03SEP2553900CE,CE,53900.0,BUY,2026-06-20T14:41:51.026043,2026-06-20T14:41:51.256929,320.78,263.44,15,-860.0999999999997,EOD_SQUAREOFF
FixedRR_1to3,NFO:BANKNIFTY03SEP2554000CE,CE,54000.0,BUY,2026-06-20T14:41:51.533475,2026-06-20T14:41:52.517406,284.31,286.4,15,31.349999999999625,EOD_SQUAREOFF
FixedRR_1to3,NFO:BANKNIFTY03SEP2554200CE,CE,54200.0,BUY,2026-06-20T14:41:52.773560,2026-06-20T14:41:53.349107,227.07,157.19,15,-1048.1999999999998,STOP_LOSS_HIT
FixedRR_1to3,NFO:BANKNIFTY03SEP2553900CE,CE,53900.0,BUY,2026-06-20T14:41:54.003770,2026-06-20T14:41:54.108219,171.67,119.07,15,-788.9999999999999,STOP_LOSS_HIT
FixedRR_1to3,NFO:BANKNIFTY03SEP2553800CE,CE,53800.0,BUY,2026-06-20T14:41:54.150406,2026-06-20T14:41:54.929932,172.95,334.56,15,2424.15,TARGET_HIT
FixedRR_1to3,NFO:BANKNIFTY10SEP2554300CE,CE,54300.0,BUY,2026-06-20T14:41:55.228280,2026-06-20T14:41:56.197882,428.99,328.84,15,-1502.2500000000005,EOD_SQUAREOFF
FixedRR_1to3,NFO:BANKNIFTY10SEP2554000CE,CE,54000.0,BUY,2026-06-20T14:41:56.504109,2026-06-20T14:41:57.429688,355.45,404.34,15,733.3499999999998,EOD_SQUAREOFF
FixedRR_1to3,NFO:BANKNIFTY10SEP2554300CE,CE,54300.0,BUY,2026-06-20T14:41:57.686355,2026-06-20T14:41:58.671951,284.49,234.29,15,-753.0000000000002,EOD_SQUAREOFF
FixedRR_1to3,NFO:BANKNIFTY10SEP2554300CE,CE,54300.0,BUY,2026-06-20T14:41:59.076078,2026-06-20T14:41:59.905367,223.81,172.69,15,-766.8000000000001,EOD_SQUAREOFF
FixedRR_1to3,NFO:BANKNIFTY10SEP2554600CE,CE,54600.0,BUY,2026-06-20T14:42:00.161601,2026-06-20T14:42:01.128778,166.08,174.99,15,133.64999999999995,EOD_SQUAREOFF
FixedRR_1to3,NFO:BANKNIFTY17SEP2554700CE,CE,54700.0,BUY,2026-06-20T14:42:01.528523,2026-06-20T14:42:02.353530,417.14,404.39,15,-191.25,EOD_SQUAREOFF
FixedRR_1to3,NFO:BANKNIFTY17SEP2554800CE,CE,54800.0,BUY,2026-06-20T14:42:02.686112,2026-06-20T14:42:03.591760,370.21,367.08,15,-46.94999999999993,EOD_SQUAREOFF
FixedRR_1to3,NFO:BANKNIFTY17SEP2555000CE,CE,55000.0,BUY,2026-06-20T14:42:03.847878,2026-06-20T14:42:04.838433,301.82,243.84,15,-869.6999999999998,EOD_SQUAREOFF
FixedRR_1to3,NFO:BANKNIFTY17SEP2555200CE,CE,55200.0,BUY,2026-06-20T14:42:05.097369,2026-06-20T14:42:06.140497,227.34,185.88,15,-621.9000000000001,EOD_SQUAREOFF
FixedRR_1to3,NFO:BANKNIFTY17SEP2555400CE,CE,55400.0,BUY,2026-06-20T14:42:06.401050,2026-06-20T14:42:07.383257,146.81,252.64,15,1587.4499999999998,EOD_SQUAREOFF
FixedRR_1to3,NFO:BANKNIFTY24SEP2555900CE,CE,55900.0,BUY,2026-06-20T14:42:07.641972,2026-06-20T14:42:08.614657,412.51,365.08,15,-711.45,EOD_SQUAREOFF
FixedRR_1to3,NFO:BANKNIFTY24SEP2555700CE,CE,55700.0,BUY,2026-06-20T14:42:08.926036,2026-06-20T14:42:09.876097,369.57,280.25,15,-1339.8,EOD_SQUAREOFF
FixedRR_1to3,NFO:BANKNIFTY24SEP2555700CE,CE,55700.0,BUY,2026-06-20T14:42:10.136854,2026-06-20T14:42:10.908546,310.26,215.87,15,-1415.85,STOP_LOSS_HIT
FixedRR_1to3,NFO:BANKNIFTY24SEP2555400CE,CE,55400.0,BUY,2026-06-20T14:42:11.468994,2026-06-20T14:42:12.385693,211.53,270.95,15,891.2999999999998,EOD_SQUAREOFF
FixedRR_1to3,NFO:BANKNIFTY24SEP2555200CE,CE,55200.0,BUY,2026-06-20T14:42:12.871137,2026-06-20T14:42:13.626353,169.32,176.87,15,113.25000000000017,EOD_SQUAREOFF
FixedRR_1to3,NFO:BANKNIFTY01OCT2555200CE,CE,55200.0,BUY,2026-06-20T14:42:14.004362,2026-06-20T14:42:14.884362,435.7,330.17,15,-1582.9499999999996,EOD_SQUAREOFF
FixedRR_1to3,NFO:BANKNIFTY01OCT2554800CE,CE,54800.0,BUY,2026-06-20T14:42:15.209577,2026-06-20T14:42:15.850915,361.6,251.07,15,-1657.9500000000005,STOP_LOSS_HIT
FixedRR_1to3,NFO:BANKNIFTY01OCT2554700CE,CE,54700.0,BUY,2026-06-20T14:42:16.381328,2026-06-20T14:42:16.687898,298.35,208.67,15,-1345.2000000000005,STOP_LOSS_HIT
FixedRR_1to3,NFO:BANKNIFTY01OCT2554500CE,CE,54500.0,BUY,2026-06-20T14:42:16.717799,2026-06-20T14:42:17.370955,291.16,272.57,15,-278.8500000000005,EOD_SQUAREOFF
FixedRR_1to3,NFO:BANKNIFTY01OCT2554700CE,CE,54700.0,BUY,2026-06-20T14:42:17.749152,2026-06-20T14:42:18.611815,206.75,180.06,15,-400.34999999999997,EOD_SQUAREOFF
FixedRR_1to3,NFO:BANKNIFTY01OCT2555000CE,CE,55000.0,BUY,2026-06-20T14:42:18.868835,2026-06-20T14:42:19.123890,175.95,339.89,15,2459.1,TARGET_HIT
FixedRR_1to3,NFO:BANKNIFTY01OCT2555300CE,CE,55300.0,BUY,2026-06-20T14:42:19.127164,2026-06-20T14:42:19.841855,176.72,221.82,15,676.4999999999999,EOD_SQUAREOFF
FixedRR_1to3,NFO:BANKNIFTY08OCT2555600CE,CE,55600.0,BUY,2026-06-20T14:42:20.099968,2026-06-20T14:42:21.079729,351.62,342.96,15,-129.90000000000038,EOD_SQUAREOFF
FixedRR_1to3,NFO:BANKNIFTY08OCT2556100CE,CE,56100.0,BUY,2026-06-20T14:42:21.339062,2026-06-20T14:42:22.339153,297.09,299.98,15,43.35000000000065,EOD_SQUAREOFF
FixedRR_1to3,NFO:BANKNIFTY08OCT2556400CE,CE,56400.0,BUY,2026-06-20T14:42:22.599947,2026-06-20T14:42:23.484207,263.98,183.69,15,-1204.3500000000004,STOP_LOSS_HIT
FixedRR_1to3,NFO:BANKNIFTY08OCT2556200CE,CE,56200.0,BUY,2026-06-20T14:42:23.917905,2026-06-20T14:42:24.023606,160.66,105.99,15,-820.0500000000001,STOP_LOSS_HIT
FixedRR_1to3,NFO:BANKNIFTY08OCT2556000CE,CE,56000.0,BUY,2026-06-20T14:42:24.093059,2026-06-20T14:42:24.542719,171.78,333.37,15,2423.85,TARGET_HIT
FixedRR_1to3,NFO:BANKNIFTY08OCT2556300CE,CE,56300.0,BUY,2026-06-20T14:42:24.546023,2026-06-20T14:42:24.705310,157.33,110.09,15,-708.6000000000001,STOP_LOSS_HIT
FixedRR_1to3,NFO:BANKNIFTY15OCT2556100CE,CE,56100.0,BUY,2026-06-20T14:42:25.141972,2026-06-20T14:42:26.075128,424.71,473.12,15,726.1500000000003,EOD_SQUAREOFF
FixedRR_1to3,NFO:BANKNIFTY15OCT2556700CE,CE,56700.0,BUY,2026-06-20T14:42:26.335164,2026-06-20T14:42:27.325482,366.17,346.06,15,-301.6500000000002,EOD_SQUAREOFF
FixedRR_1to3,NFO:BANKNIFTY15OCT2556700CE,CE,56700.0,BUY,2026-06-20T14:42:27.651364,2026-06-20T14:42:28.597812,334.57,275.05,15,-892.7999999999997,EOD_SQUAREOFF
FixedRR_1to3,NFO:BANKNIFTY15OCT2556700CE,CE,56700.0,BUY,2026-06-20T14:42:28.917503,2026-06-20T14:42:29.067902,231.06,158.58,15,-1087.1999999999998,STOP_LOSS_HIT
FixedRR_1to3,NFO:BANKNIFTY15OCT2556500CE,CE,56500.0,BUY,2026-06-20T14:42:29.141382,2026-06-20T14:42:29.449764,216.82,151.56,15,-978.8999999999999,STOP_LOSS_HIT
FixedRR_1to3,NFO:BANKNIFTY15OCT2556400CE,CE,56400.0,BUY,2026-06-20T14:42:29.483073,2026-06-20T14:42:29.846282,192.27,254.1,15,927.4499999999998,EOD_SQUAREOFF
FixedRR_1to3,NFO:BANKNIFTY15OCT2556800CE,CE,56800.0,BUY,2026-06-20T14:42:30.111457,2026-06-20T14:42:31.100964,156.91,215.17,15,873.8999999999999,EOD_SQUAREOFF
FixedRR_1to3,NFO:BANKNIFTY22OCT2557100CE,CE,57100.0,BUY,2026-06-20T14:42:31.359306,2026-06-20T14:42:32.333736,448.01,627.66,15,2694.7499999999995,EOD_SQUAREOFF
FixedRR_1to3,NFO:BANKNIFTY22OCT2557600CE,CE,57600.0,BUY,2026-06-20T14:42:32.592530,2026-06-20T14:42:33.576991,405.11,442.37,15,558.8999999999999,EOD_SQUAREOFF
FixedRR_1to3,NFO:BANKNIFTY22OCT2558100CE,CE,58100.0,BUY,2026-06-20T14:42:33.835682,2026-06-20T14:42:34.829657,352.62,287.25,15,-980.5500000000001,EOD_SQUAREOFF
FixedRR_1to3,NFO:BANKNIFTY22OCT2558200CE,CE,58200.0,BUY,2026-06-20T14:42:34.966012,2026-06-20T14:42:35.072443,194.31,135.85,15,-876.9000000000001,STOP_LOSS_HIT
FixedRR_1to3,NFO:BANKNIFTY29OCT2558600CE,CE,58600.0,BUY,2026-06-20T14:42:35.307498,2026-06-20T14:42:36.119282,474.49,331.19,15,-2149.5,STOP_LOSS_HIT
FixedRR_1to3,NFO:BANKNIFTY29OCT2558000CE,CE,58000.0,BUY,2026-06-20T14:42:36.705399,2026-06-20T14:42:37.215720,372.79,258.81,15,-1709.7000000000003,STOP_LOSS_HIT
FixedRR_1to3,NFO:BANKNIFTY29OCT2557700CE,CE,57700.0,BUY,2026-06-20T14:42:37.312085,2026-06-20T14:42:37.542125,328.82,377.8,15,734.7000000000003,EOD_SQUAREOFF
FixedRR_1to3,NFO:BANKNIFTY29OCT2558200CE,CE,58200.0,BUY,2026-06-20T14:42:37.800438,2026-06-20T14:42:38.792490,311.12,256.59,15,-817.9500000000005,EOD_SQUAREOFF
FixedRR_1to3,NFO:BANKNIFTY29OCT2558000CE,CE,58000.0,BUY,2026-06-20T14:42:39.259279,2026-06-20T14:42:39.878967,215.15,209.07,15,-91.20000000000019,STOP_LOSS_HIT
FixedRR_1to3,NFO:BANKNIFTY29OCT2558200CE,CE,58200.0,BUY,2026-06-20T14:42:40.292581,2026-06-20T14:42:40.969053,189.07,372.41,15,2750.1000000000004,TARGET_HIT
FixedRR_1to3,NFO:BANKNIFTY29OCT2558500CE,CE,58500.0,BUY,2026-06-20T14:42:40.972445,2026-06-20T14:42:41.282695,195.28,168.9,15,-395.69999999999993,EOD_SQUAREOFF
FixedRR_1to3,NFO:BANKNIFTY05NOV2558300CE,CE,58300.0,BUY,2026-06-20T14:42:41.606680,2026-06-20T14:42:42.512852,469.57,354.57,15,-1725.0,EOD_SQUAREOFF
FixedRR_1to3,NFO:BANKNIFTY05NOV2557900CE,CE,57900.0,BUY,2026-06-20T14:42:42.975957,2026-06-20T14:42:43.751153,374.25,335.52,15,-580.9500000000003,EOD_SQUAREOFF
FixedRR_1to3,NFO:BANKNIFTY05NOV2558100CE,CE,58100.0,BUY,2026-06-20T14:42:44.007002,2026-06-20T14:42:44.991811,309.19,319.86,15,160.05000000000024,EOD_SQUAREOFF
FixedRR_1to3,NFO:BANKNIFTY05NOV2558100CE,CE,58100.0,BUY,2026-06-20T14:42:45.307921,2026-06-20T14:42:45.761966,232.95,162.86,15,-1051.3499999999997,STOP_LOSS_HIT
FixedRR_1to3,NFO:BANKNIFTY05NOV2558000CE,CE,58000.0,BUY,2026-06-20T14:42:45.778352,2026-06-20T14:42:46.227242,196.07,157.46,15,-579.1499999999997,EOD_SQUAREOFF
FixedRR_1to3,NFO:BANKNIFTY12NOV2557800CE,CE,57800.0,BUY,2026-06-20T14:42:46.535117,2026-06-20T14:42:47.449997,427.32,351.09,15,-1143.4500000000003,EOD_SQUAREOFF
FixedRR_1to3,NFO:BANKNIFTY12NOV2557500CE,CE,57500.0,BUY,2026-06-20T14:42:47.760850,2026-06-20T14:42:48.415527,363.13,692.98,15,4947.75,TARGET_HIT
FixedRR_1to3,NFO:BANKNIFTY12NOV2558100CE,CE,58100.0,BUY,2026-06-20T14:42:48.964396,2026-06-20T14:42:49.965083,323.78,250.49,15,-1099.3499999999995,EOD_SQUAREOFF
FixedRR_1to3,NFO:BANKNIFTY12NOV2557800CE,CE,57800.0,BUY,2026-06-20T14:42:50.344434,2026-06-20T14:42:50.931605,225.75,443.0,15,3258.75,TARGET_HIT
FixedRR_1to3,NFO:BANKNIFTY12NOV2558200CE,CE,58200.0,BUY,2026-06-20T14:42:50.934898,2026-06-20T14:42:51.212159,215.89,195.48,15,-306.15,EOD_SQUAREOFF
FixedRR_1to3,NFO:BANKNIFTY12NOV2558400CE,CE,58400.0,BUY,2026-06-20T14:42:51.470522,2026-06-20T14:42:52.450355,172.41,163.89,15,-127.80000000000015,EOD_SQUAREOFF
FixedRR_1to3,NFO:BANKNIFTY19NOV2558600CE,CE,58600.0,BUY,2026-06-20T14:42:52.709393,2026-06-20T14:42:53.695309,442.32,385.65,15,-850.0500000000002,EOD_SQUAREOFF
FixedRR_1to3,NFO:BANKNIFTY19NOV2558300CE,CE,58300.0,BUY,2026-06-20T14:42:54.069294,2026-06-20T14:42:54.947010,412.94,525.36,15,1686.3000000000002,EOD_SQUAREOFF
FixedRR_1to3,NFO:BANKNIFTY19NOV2559000CE,CE,59000.0,BUY,2026-06-20T14:42:55.206740,2026-06-20T14:42:56.206722,331.2,291.93,15,-589.0499999999997,EOD_SQUAREOFF
FixedRR_1to3,NFO:BANKNIFTY19NOV2559000CE,CE,59000.0,BUY,2026-06-20T14:42:56.573890,2026-06-20T14:42:57.438356,267.31,187.08,15,-1203.4499999999998,STOP_LOSS_HIT
FixedRR_1to3,NFO:BANKNIFTY19NOV2558900CE,CE,58900.0,BUY,2026-06-20T14:42:57.895286,2026-06-20T14:42:58.536549,190.96,365.6,15,2619.6000000000004,TARGET_HIT
FixedRR_1to3,NFO:BANKNIFTY26NOV2559300CE,CE,59300.0,BUY,2026-06-20T14:42:58.983060,2026-06-20T14:43:00.009265,445.83,472.29,15,396.90000000000055,EOD_SQUAREOFF
FixedRR_1to3,NFO:BANKNIFTY26NOV2559000CE,CE,59000.0,BUY,2026-06-20T14:43:00.415794,2026-06-20T14:43:01.253908,400.18,350.98,15,-737.9999999999998,EOD_SQUAREOFF
FixedRR_1to3,NFO:BANKNIFTY26NOV2559200CE,CE,59200.0,BUY,2026-06-20T14:43:01.512600,2026-06-20T14:43:02.467189,354.16,235.43,15,-1780.9500000000003,STOP_LOSS_HIT
FixedRR_1to3,NFO:BANKNIFTY26NOV2559100CE,CE,59100.0,BUY,2026-06-20T14:43:02.820484,2026-06-20T14:43:02.907441,271.18,187.17,15,-1260.1500000000003,STOP_LOSS_HIT
FixedRR_1to3,NFO:BANKNIFTY26NOV2559000CE,CE,59000.0,BUY,2026-06-20T14:43:02.967879,2026-06-20T14:43:03.712546,221.89,147.08,15,-1122.1499999999996,STOP_LOSS_HIT
FixedRR_1to3,NFO:BANKNIFTY26NOV2559600CE,CE,59600.0,BUY,2026-06-20T14:43:04.019909,2026-06-20T14:43:05.001409,161.53,188.53,15,405.0,EOD_SQUAREOFF
FixedRR_1to3,NFO:BANKNIFTY03DEC2559900CE,CE,59900.0,BUY,2026-06-20T14:43:05.259943,2026-06-20T14:43:06.242748,445.22,390.87,15,-815.2500000000003,EOD_SQUAREOFF
FixedRR_1to3,NFO:BANKNIFTY03DEC2559800CE,CE,59800.0,BUY,2026-06-20T14:43:06.551418,2026-06-20T14:43:07.492328,407.41,371.69,15,-535.8000000000004,EOD_SQUAREOFF
FixedRR_1to3,NFO:BANKNIFTY03DEC2560200CE,CE,60200.0,BUY,2026-06-20T14:43:07.751125,2026-06-20T14:43:08.056436,328.05,221.74,15,-1594.65,STOP_LOSS_HIT
FixedRR_1to3,NFO:BANKNIFTY03DEC2559800CE,CE,59800.0,BUY,2026-06-20T14:43:08.184583,2026-06-20T14:43:08.749539,322.52,282.04,15,-607.1999999999994,EOD_SQUAREOFF
FixedRR_1to3,NFO:BANKNIFTY03DEC2559600CE,CE,59600.0,BUY,2026-06-20T14:43:09.062231,2026-06-20T14:43:09.680685,274.91,189.47,15,-1281.6000000000004,STOP_LOSS_HIT
FixedRR_1to3,NFO:BANKNIFTY03DEC2559100CE,CE,59100.0,BUY,2026-06-20T14:43:10.310142,2026-06-20T14:43:11.216541,189.56,372.36,15,2742.0,TARGET_HIT
FixedRR_1to3,NFO:BANKNIFTY10DEC2559500CE,CE,59500.0,BUY,2026-06-20T14:43:11.494171,2026-06-20T14:43:12.474577,461.39,370.91,15,-1357.1999999999994,EOD_SQUAREOFF
FixedRR_1to3,NFO:BANKNIFTY10DEC2559700CE,CE,59700.0,BUY,2026-06-20T14:43:12.733306,2026-06-20T14:43:13.719606,404.0,427.86,15,357.9000000000002,EOD_SQUAREOFF
FixedRR_1to3,NFO:BANKNIFTY10DEC2559500CE,CE,59500.0,BUY,2026-06-20T14:43:14.288626,2026-06-20T14:43:14.638085,329.36,221.62,15,-1616.1000000000001,STOP_LOSS_HIT
FixedRR_1to3,NFO:BANKNIFTY10DEC2559300CE,CE,59300.0,BUY,2026-06-20T14:43:14.695330,2026-06-20T14:43:14.979171,280.06,286.6,15,98.1000000000003,EOD_SQUAREOFF
FixedRR_1to3,NFO:BANKNIFTY10DEC2559200CE,CE,59200.0,BUY,2026-06-20T14:43:15.248436,2026-06-20T14:43:16.227527,276.08,229.41,15,-700.0499999999998,EOD_SQUAREOFF
FixedRR_1to3,NFO:BANKNIFTY10DEC2559500CE,CE,59500.0,BUY,2026-06-20T14:43:16.486885,2026-06-20T14:43:16.619375,175.56,120.95,15,-819.15,STOP_LOSS_HIT
FixedRR_1to3,NFO:BANKNIFTY10DEC2559300CE,CE,59300.0,BUY,2026-06-20T14:43:16.689082,2026-06-20T14:43:16.748519,182.52,125.08,15,-861.6000000000001,STOP_LOSS_HIT
FixedRR_1to3,NFO:BANKNIFTY10DEC2559100CE,CE,59100.0,BUY,2026-06-20T14:43:16.827598,2026-06-20T14:43:17.241370,196.78,136.87,15,-898.65,STOP_LOSS_HIT
FixedRR_1to3,NFO:BANKNIFTY17DEC2559200CE,CE,59200.0,BUY,2026-06-20T14:43:17.727775,2026-06-20T14:43:18.708470,473.87,447.13,15,-401.10000000000014,EOD_SQUAREOFF
FixedRR_1to3,NFO:BANKNIFTY17DEC2559600CE,CE,59600.0,BUY,2026-06-20T14:43:18.967345,2026-06-20T14:43:19.966561,389.38,317.44,15,-1079.1,EOD_SQUAREOFF
FixedRR_1to3,NFO:BANKNIFTY17DEC2559400CE,CE,59400.0,BUY,2026-06-20T14:43:20.275912,2026-06-20T14:43:21.224737,313.25,346.44,15,497.84999999999997,EOD_SQUAREOFF
FixedRR_1to3,NFO:BANKNIFTY17DEC2559200CE,CE,59200.0,BUY,2026-06-20T14:43:21.535490,2026-06-20T14:43:22.096698,275.09,189.51,15,-1283.6999999999998,STOP_LOSS_HIT
FixedRR_1to3,NFO:BANKNIFTY17DEC2559200CE,CE,59200.0,BUY,2026-06-20T14:43:22.146204,2026-06-20T14:43:22.477532,196.12,155.64,15,-607.2000000000003,EOD_SQUAREOFF
FixedRR_1to3,NFO:BANKNIFTY17DEC2559000CE,CE,59000.0,BUY,2026-06-20T14:43:22.843611,2026-06-20T14:43:23.726986,183.94,182.93,15,-15.149999999999864,EOD_SQUAREOFF
FixedRR_1to3,NFO:BANKNIFTY24DEC2559100CE,CE,59100.0,BUY,2026-06-20T14:43:23.985863,2026-06-20T14:43:24.971760,454.2,394.87,15,-889.9499999999998,EOD_SQUAREOFF
FixedRR_1to3,NFO:BANKNIFTY24DEC2559200CE,CE,59200.0,BUY,2026-06-20T14:43:25.237829,2026-06-20T14:43:26.241159,378.49,334.93,15,-653.4000000000001,EOD_SQUAREOFF
FixedRR_1to3,NFO:BANKNIFTY24DEC2559400CE,CE,59400.0,BUY,2026-06-20T14:43:26.501229,2026-06-20T14:43:27.505369,342.04,279.53,15,-937.6500000000008,EOD_SQUAREOFF
FixedRR_1to3,NFO:BANKNIFTY24DEC2559500CE,CE,59500.0,BUY,2026-06-20T14:43:27.765506,2026-06-20T14:43:28.552344,240.22,167.17,15,-1095.7500000000002,STOP_LOSS_HIT
FixedRR_1to3,NFO:BANKNIFTY24DEC2559500CE,CE,59500.0,BUY,2026-06-20T14:43:29.028102,2026-06-20T14:43:29.622927,192.69,132.92,15,-896.5500000000002,STOP_LOSS_HIT
FixedRR_1to3,NFO:BANKNIFTY24DEC2559300CE,CE,59300.0,BUY,2026-06-20T14:43:29.772172,2026-06-20T14:43:30.043584,187.69,168.31,15,-290.69999999999993,EOD_SQUAREOFF
FixedRR_1to3,NFO:BANKNIFTY31DEC2559200CE,CE,59200.0,BUY,2026-06-20T14:43:30.387500,2026-06-20T14:43:31.291849,421.39,313.66,15,-1615.9499999999994,EOD_SQUAREOFF
FixedRR_1to3,NFO:BANKNIFTY31DEC2559000CE,CE,59000.0,BUY,2026-06-20T14:43:31.859868,2026-06-20T14:43:32.554969,301.34,287.14,15,-212.99999999999983,EOD_SQUAREOFF
FixedRR_1to3,NFO:BANKNIFTY31DEC2559100CE,CE,59100.0,BUY,2026-06-20T14:43:32.815747,2026-06-20T14:43:33.797007,240.2,268.95,15,431.25,EOD_SQUAREOFF
FixedRR_1to3,NFO:BANKNIFTY31DEC2559500CE,CE,59500.0,BUY,2026-06-20T14:43:34.052978,2026-06-20T14:43:34.547708,162.52,309.45,15,2203.95,TARGET_HIT
FixedRR_1to3,NFO:BANKNIFTY31DEC2559800CE,CE,59800.0,BUY,2026-06-20T14:43:34.550919,2026-06-20T14:43:35.021889,160.03,140.75,15,-289.20000000000005,EOD_SQUAREOFF
FixedRR_1to3,NFO:BANKNIFTY07JAN2659800CE,CE,59800.0,BUY,2026-06-20T14:43:35.327859,2026-06-20T14:43:36.260415,454.21,412.19,15,-630.2999999999997,EOD_SQUAREOFF
FixedRR_1to3,NFO:BANKNIFTY07JAN2660100CE,CE,60100.0,BUY,2026-06-20T14:43:36.518295,2026-06-20T14:43:37.500680,417.33,399.3,15,-270.4499999999996,EOD_SQUAREOFF
FixedRR_1to3,NFO:BANKNIFTY07JAN2660400CE,CE,60400.0,BUY,2026-06-20T14:43:37.757858,2026-06-20T14:43:38.396235,357.79,245.68,15,-1681.65,STOP_LOSS_HIT
FixedRR_1to3,NFO:BANKNIFTY07JAN2660400CE,CE,60400.0,BUY,2026-06-20T14:43:39.060181,2026-06-20T14:43:39.564249,256.53,175.9,15,-1209.4499999999996,STOP_LOSS_HIT
FixedRR_1to3,NFO:BANKNIFTY07JAN2660300CE,CE,60300.0,BUY,2026-06-20T14:43:39.607084,2026-06-20T14:43:39.850323,227.04,152.36,15,-1120.1999999999996,STOP_LOSS_HIT
FixedRR_1to3,NFO:BANKNIFTY07JAN2660000CE,CE,60000.0,BUY,2026-06-20T14:43:40.391888,2026-06-20T14:43:40.948787,199.76,138.96,15,-911.9999999999998,STOP_LOSS_HIT
FixedRR_1to3,NFO:BANKNIFTY07JAN2659900CE,CE,59900.0,BUY,2026-06-20T14:43:41.005010,2026-06-20T14:43:41.297638,188.56,282.45,15,1408.35,EOD_SQUAREOFF
FixedRR_1to3,NFO:BANKNIFTY14JAN2660100CE,CE,60100.0,BUY,2026-06-20T14:43:41.558506,2026-06-20T14:43:42.546961,447.37,323.39,15,-1859.7000000000003,EOD_SQUAREOFF
FixedRR_1to3,NFO:BANKNIFTY14JAN2659700CE,CE,59700.0,BUY,2026-06-20T14:43:42.855263,2026-06-20T14:43:43.286758,398.94,275.06,15,-1858.1999999999998,STOP_LOSS_HIT
FixedRR_1to3,NFO:BANKNIFTY14JAN2659400CE,CE,59400.0,BUY,2026-06-20T14:43:43.330407,2026-06-20T14:43:43.798835,378.92,334.17,15,-671.25,EOD_SQUAREOFF
FixedRR_1to3,NFO:BANKNIFTY14JAN2659200CE,CE,59200.0,BUY,2026-06-20T14:43:44.106792,2026-06-20T14:43:44.351146,355.54,248.54,15,-1605.0000000000005,STOP_LOSS_HIT
FixedRR_1to3,NFO:BANKNIFTY14JAN2659000CE,CE,59000.0,BUY,2026-06-20T14:43:44.400518,2026-06-20T14:43:44.525985,335.1,636.72,15,4524.3,TARGET_HIT
FixedRR_1to3,NFO:BANKNIFTY14JAN2659500CE,CE,59500.0,BUY,2026-06-20T14:43:44.529191,2026-06-20T14:43:45.042697,330.66,295.12,15,-533.1000000000004,EOD_SQUAREOFF
FixedRR_1to3,NFO:BANKNIFTY14JAN2659700CE,CE,59700.0,BUY,2026-06-20T14:43:45.300576,2026-06-20T14:43:45.817459,248.41,159.91,15,-1327.5,STOP_LOSS_HIT
FixedRR_1to3,NFO:BANKNIFTY14JAN2659500CE,CE,59500.0,BUY,2026-06-20T14:43:45.884277,2026-06-20T14:43:46.289023,239.01,276.86,15,567.7500000000003,EOD_SQUAREOFF
FixedRR_1to3,NFO:BANKNIFTY14JAN2659600CE,CE,59600.0,BUY,2026-06-20T14:43:46.546827,2026-06-20T14:43:47.143451,164.51,318.54,15,2310.4500000000003,TARGET_HIT
FixedRR_1to3,NFO:BANKNIFTY14JAN2659900CE,CE,59900.0,BUY,2026-06-20T14:43:47.146801,2026-06-20T14:43:47.261577,173.25,118.24,15,-825.1500000000001,STOP_LOSS_HIT
FixedRR_1to3,NFO:BANKNIFTY14JAN2659700CE,CE,59700.0,BUY,2026-06-20T14:43:47.327981,2026-06-20T14:43:47.529418,171.39,161.97,15,-141.2999999999998,EOD_SQUAREOFF
FixedRR_1to3,NFO:BANKNIFTY21JAN2660100CE,CE,60100.0,BUY,2026-06-20T14:43:47.786954,2026-06-20T14:43:48.774255,431.6,395.69,15,-538.6500000000003,EOD_SQUAREOFF
FixedRR_1to3,NFO:BANKNIFTY21JAN2659800CE,CE,59800.0,BUY,2026-06-20T14:43:49.082526,2026-06-20T14:43:50.022726,351.93,380.61,15,430.2000000000001,EOD_SQUAREOFF
FixedRR_1to3,NFO:BANKNIFTY21JAN2659800CE,CE,59800.0,BUY,2026-06-20T14:43:50.472167,2026-06-20T14:43:50.958336,246.33,171.43,15,-1123.5,STOP_LOSS_HIT
FixedRR_1to3,NFO:BANKNIFTY21JAN2659700CE,CE,59700.0,BUY,2026-06-20T14:43:51.050863,2026-06-20T14:43:51.275450,195.96,132.77,15,-947.8499999999999,STOP_LOSS_HIT
FixedRR_1to3,NFO:BANKNIFTY21JAN2658600CE,CE,58600.0,BUY,2026-06-20T14:43:51.730669,2026-06-20T14:43:51.982496,189.42,360.65,15,2568.45,TARGET_HIT
FixedRR_1to3,NFO:BANKNIFTY21JAN2658900CE,CE,58900.0,BUY,2026-06-20T14:43:51.988997,2026-06-20T14:43:52.061171,172.44,343.71,15,2569.0499999999997,TARGET_HIT
FixedRR_1to3,NFO:BANKNIFTY21JAN2659300CE,CE,59300.0,BUY,2026-06-20T14:43:52.064476,2026-06-20T14:43:52.153374,155.3,105.75,15,-743.2500000000002,STOP_LOSS_HIT
FixedRR_1to3,NFO:BANKNIFTY28JAN2659400CE,CE,59400.0,BUY,2026-06-20T14:43:52.788330,2026-06-20T14:43:52.955969,485.84,339.93,15,-2188.6499999999996,STOP_LOSS_HIT
FixedRR_1to3,NFO:BANKNIFTY28JAN2659100CE,CE,59100.0,BUY,2026-06-20T14:43:53.005421,2026-06-20T14:43:53.765802,438.98,521.66,15,1240.1999999999994,EOD_SQUAREOFF
FixedRR_1to3,NFO:BANKNIFTY28JAN2659200CE,CE,59200.0,BUY,2026-06-20T14:43:54.063830,2026-06-20T14:43:54.658384,403.06,275.12,15,-1919.1,STOP_LOSS_HIT
FixedRR_1to3,NFO:BANKNIFTY28JAN2658700CE,CE,58700.0,BUY,2026-06-20T14:43:54.810199,2026-06-20T14:43:54.998351,360.1,334.25,15,-387.75000000000034,EOD_SQUAREOFF
FixedRR_1to3,NFO:BANKNIFTY28JAN2658800CE,CE,58800.0,BUY,2026-06-20T14:43:55.253849,2026-06-20T14:43:55.345834,251.35,175.01,15,-1145.1000000000001,STOP_LOSS_HIT
FixedRR_1to3,NFO:BANKNIFTY28JAN2658600CE,CE,58600.0,BUY,2026-06-20T14:43:55.409233,2026-06-20T14:43:56.153617,241.47,484.76,15,3649.35,TARGET_HIT
FixedRR_1to3,NFO:BANKNIFTY28JAN2659500CE,CE,59500.0,BUY,2026-06-20T14:43:56.485938,2026-06-20T14:43:57.026422,192.97,194.83,15,27.900000000000205,STOP_LOSS_HIT
FixedRR_1to3,NFO:BANKNIFTY28JAN2659600CE,CE,59600.0,BUY,2026-06-20T14:43:57.065195,2026-06-20T14:43:57.139882,184.19,124.91,15,-889.2,STOP_LOSS_HIT
FixedRR_1to3,NFO:BANKNIFTY28JAN2659500CE,CE,59500.0,BUY,2026-06-20T14:43:57.214566,2026-06-20T14:43:57.454958,157.02,268.42,15,1671.0,EOD_SQUAREOFF
FixedRR_1to3,NFO:BANKNIFTY04FEB2659700CE,CE,59700.0,BUY,2026-06-20T14:43:57.710154,2026-06-20T14:43:58.265188,458.17,575.63,15,1761.8999999999996,MAX_DRAWDOWN
